,_month_,year,oil_companies_,quantity_000_metric_tonnes_
0,April,2023,"IOCL-BARAUNI,BIHAR",546.51
1,April,2023,IOCL TOTAL,6037.64
2,April,2023,ONGC TOTAL,1475.55
3,April,2023,RIL TOTAL,5355.74
4,May,2023,"IOCL-MATHURA, UTTAR PRADESH",833.52
5,May,2023,"IOCL-PANIPAT, HARYANA",1263.15
6,May,2023,"IOCL-BONGAIGAON,ASSAM",257.90
7,May,2023,"CPCL-MANALI, TAMILNADU",941.28
8,May,2023,"BPCL-MUMBAI, MAHARASHTRA",1332.15
9,May,2023,"BPCL-KOCHI, KERALA",1464.34
10,May,2023,"NRL-NUMALIGARH, ASSAM",61.30
11,May,2023,"HPCL-VISAKH,ANDHRA PRADESH",1066.12
12,June,2023,"IOCL-HALDIA, WEST BENGAL",691.68
13,June,2023,"IOCL-MATHURA, UTTAR PRADESH",808.16
14,June,2023,"IOCL-BONGAIGAON,ASSAM",251.25
15,June,2023,"CPCL-MANALI, TAMILNADU",816.58
16,June,2023,CPCL-TOTAL,816.58
17,June,2023,"BPCL-KOCHI, KERALA",1467.81
18,June,2023,HPCL-TOTAL,2922.02
19,July,2023,"IOCL-BARAUNI,BIHAR",559.56
20,July,2023,"IOCL-HALDIA, WEST BENGAL",677.19
21,July,2023,"IOCL-PARADIP,ODISHA",1394.49
22,July,2023,"BPCL-KOCHI, KERALA",1389.29
23,July,2023,BPCL-TOTAL,2805.32
24,July,2023,"HPCL-MUMBAI,MAHARASHTRA",892.93
25,August,2023,"IOCL-BARAUNI,BIHAR",590.77
26,August,2023,"IOCL-GUWAHATI,ASSAM",94.25
27,August,2023,"IOCL-BONGAIGAON,ASSAM",254.94
28,August,2023,CPCL-TOTAL,1000.38
29,August,2023,"BPCL-MUMBAI, MAHARASHTRA",1386.54
30,August,2023,"ONGC-TATIPAKA,ANDHRA PRADESH",5.03
31,August,2023,"HPCL-MUMBAI,MAHARASHTRA",785.24
32,August,2023,"NEL-VADINAR,GUJARAT",1727.11
33,September,2023,"IOCL-BARAUNI,BIHAR",529.03
34,September,2023,"IOCL-PANIPAT, HARYANA",1194.47
35,September,2023,"CPCL-MANALI, TAMILNADU",1007.97
36,September,2023,"MRPL-MANGALORE,KARNATAKA",764.90
37,September,2023,GRAND TOTAL,20288.50
38,October,2023,"IOCL-HALDIA, WEST BENGAL",674.35
39,October,2023,"IOCL-BONGAIGAON,ASSAM",257.97
40,October,2023,CPCL-TOTAL,1007.23
41,October,2023,"NRL-NUMALIGARH, ASSAM",285.83
42,October,2023,"ONGC-TATIPAKA,ANDHRA PRADESH",4.81
43,October,2023,ONGC TOTAL,1359.39
44,October,2023,"HMEL-GGSR, BATHINDA, PUNJAB",1104.28
45,October,2023,"RIL-(SEZ), JAMNAGAR,GUJARAT",1595.32
46,November,2023,"IOCL-GUWAHATI,ASSAM",33.13
47,November,2023,"NRL-NUMALIGARH, ASSAM",280.22
48,November,2023,"ONGC-TATIPAKA,ANDHRA PRADESH",4.60
49,November,2023,"MRPL-MANGALORE,KARNATAKA",1499.20
50,November,2023,GRAND TOTAL,21668.32
51,December,2023,"IOCL-MATHURA, UTTAR PRADESH",815.41
52,December,2023,HPCL-TOTAL,2860.57
53,January,2024,"IOCL-PARADIP,ODISHA",1363.85
54,January,2024,IOCL TOTAL,6091.56
55,January,2024,"CPCL-MANALI, TAMILNADU",1001.24
56,January,2024,"BPCL-MUMBAI, MAHARASHTRA",1156.90
57,January,2024,"BPCL-KOCHI, KERALA",1588.22
58,January,2024,"NRL-NUMALIGARH, ASSAM",261.67
59,January,2024,"ONGC-TATIPAKA,ANDHRA PRADESH",6.01
60,January,2024,ONGC TOTAL,1533.49
61,January,2024,"HPCL-MUMBAI,MAHARASHTRA",853.95
62,January,2024,"RIL,JAMNAGAR,GUJARAT",2966.81
63,February,2024,CPCL-TOTAL,1013.93
64,February,2024,"HPCL-MUMBAI,MAHARASHTRA",679.65
65,February,2024,"RIL,JAMNAGAR,GUJARAT",2695.09
66,February,2024,RIL TOTAL,4887.22
67,March,2024,"IOCL-KOYALI, GUJARAT",1370.42
68,March,2024,"BPCL-MUMBAI, MAHARASHTRA",1461.54
69,March,2024,BPCL-TOTAL,3650.05
70,March,2024,"MRPL-MANGALORE,KARNATAKA",1522.17
71,March,2024,HPCL-TOTAL,2970.55
72,March,2024,"RIL-(SEZ), JAMNAGAR,GUJARAT",2562.42
73,April,2022,"IOCL-GUWAHATI,ASSAM",89.86
74,April,2022,CPCL-TOTAL,904.20
75,April,2022,BPCL-TOTAL,3300.36
76,April,2022,ONGC TOTAL,1487.02
77,April,2022,HPCL-TOTAL,2569.16
78,May,2022,"IOCL-MATHURA, UTTAR PRADESH",812.96
79,May,2022,"IOCL-PANIPAT, HARYANA",1252.50
80,May,2022,"ONGC-TATIPAKA,ANDHRA PRADESH",6.78
81,May,2022,"NEL-VADINAR,GUJARAT",1725.51
82,June,2022,"IOCL-BARAUNI,BIHAR",559.48
83,June,2022,"IOCL-PANIPAT, HARYANA",1253.85
84,June,2022,IOCL TOTAL,6276.80
85,June,2022,"BPCL-KOCHI, KERALA",1363.85
86,June,2022,BORL-BINA,649.82
87,June,2022,"MRPL-MANGALORE,KARNATAKA",1428.97
88,June,2022,ONGC TOTAL,1435.69
89,June,2022,RIL TOTAL,5361.90
90,June,2022,GRAND TOTAL,21574.57
91,July,2022,"IOCL-MATHURA, UTTAR PRADESH",714.64
92,July,2022,"IOCL-BONGAIGAON,ASSAM",211.02
93,July,2022,IOCL TOTAL,6167.19
94,July,2022,BPCL-TOTAL,2699.54
95,July,2022,"HMEL-GGSR, BATHINDA, PUNJAB",1109.49
96,August,2022,"CPCL-MANALI, TAMILNADU",940.43
97,August,2022,"ONGC-TATIPAKA,ANDHRA PRADESH",3.93
98,August,2022,"MRPL-MANGALORE,KARNATAKA",1182.21
99,August,2022,"HMEL-GGSR, BATHINDA, PUNJAB",1019.70
100,August,2022,"RIL,JAMNAGAR,GUJARAT",3029.94
101,September,2022,"IOCL-BARAUNI,BIHAR",544.50
102,September,2022,"IOCL-BONGAIGAON,ASSAM",244.44
103,September,2022,IOCL TOTAL,5088.28
104,September,2022,BORL-BINA,650.73
105,September,2022,"NRL-NUMALIGARH, ASSAM",247.85
106,October,2022,"BPCL-MUMBAI, MAHARASHTRA",1306.88
107,October,2022,BPCL-TOTAL,2593.06
108,October,2022,"RIL-(SEZ), JAMNAGAR,GUJARAT",1759.64
109,October,2022,GRAND TOTAL,20413.63
110,November,2022,"IOCL-KOYALI, GUJARAT",1254.26
111,November,2022,"IOCL-BONGAIGAON,ASSAM",244.09
112,November,2022,"CPCL-MANALI, TAMILNADU",921.00
113,November,2022,HPCL-TOTAL,2599.45
114,December,2022,"IOCL-MATHURA, UTTAR PRADESH",879.89
115,December,2022,"ONGC-TATIPAKA,ANDHRA PRADESH",6.46
116,December,2022,ONGC TOTAL,1510.51
117,December,2022,HPCL-TOTAL,2785.38
118,December,2022,"NEL-VADINAR,GUJARAT",1712.08
119,January,2023,"RIL-(SEZ), JAMNAGAR,GUJARAT",2542.80
120,January,2023,RIL TOTAL,5390.80
121,February,2023,"IOCL-BARAUNI,BIHAR",542.97
122,February,2023,BORL-BINA,657.05
123,February,2023,BPCL-TOTAL,3356.68
124,February,2023,"NRL-NUMALIGARH, ASSAM",244.06
125,February,2023,"ONGC-TATIPAKA,ANDHRA PRADESH",6.12
126,February,2023,ONGC TOTAL,1399.11
127,March,2023,"IOCL-HALDIA, WEST BENGAL",742.52
128,March,2023,IOCL TOTAL,6696.37
129,April,2021,"IOCL-BARAUNI,BIHAR",471.00
130,April,2021,"IOCL-PARADIP,ODISHA",1332.00
131,April,2021,CPCL-TOTAL,760.00
132,April,2021,"HMEL-GGSR, BATHINDA, PUNJAB",1059.00
133,April,2021,"NEL-VADINAR,GUJARAT",1633.00
134,April,2021,GRAND TOTAL,19885.00
135,May,2021,"IOCL-MATHURA, UTTAR PRADESH",692.00
136,May,2021,"IOCL-PANIPAT, HARYANA",1156.00
137,May,2021,"IOCL-GUWAHATI,ASSAM",
138,May,2021,"IOCL-PARADIP,ODISHA",1045.00
139,May,2021,"HMEL-GGSR, BATHINDA, PUNJAB",1102.00
140,May,2021,"RIL,JAMNAGAR,GUJARAT",2837.00
141,June,2021,"IOCL-BONGAIGAON,ASSAM",233.00
142,June,2021,"IOCL-PARADIP,ODISHA",1034.00
143,June,2021,"CPCL-MANALI, TAMILNADU",646.00
144,July,2021,"IOCL-BARAUNI,BIHAR",569.00
145,July,2021,"IOCL-KOYALI, GUJARAT",1102.00
146,July,2021,IOCL TOTAL,5668.00
147,July,2021,BPCL-TOTAL,2962.00
148,July,2021,"ONGC-TATIPAKA,ANDHRA PRADESH",3.00
149,July,2021,HPCL-TOTAL,1898.00
150,July,2021,"RIL-(SEZ), JAMNAGAR,GUJARAT",2284.00
151,August,2021,"IOCL-BARAUNI,BIHAR",296.00
152,August,2021,"IOCL-BONGAIGAON,ASSAM",233.00
153,August,2021,IOCL TOTAL,4904.00
154,August,2021,"HPCL-MUMBAI,MAHARASHTRA",299.00
155,August,2021,GRAND TOTAL,18439.00
156,September,2021,"IOCL-PANIPAT, HARYANA",1086.00
157,September,2021,"IOCL-GUWAHATI,ASSAM",77.00
158,September,2021,IOCL TOTAL,4705.00
159,September,2021,"MRPL-MANGALORE,KARNATAKA",988.00
160,September,2021,ONGC TOTAL,994.00
161,September,2021,"NEL-VADINAR,GUJARAT",1668.00
162,October,2021,IOCL TOTAL,5517.00
163,October,2021,"BPCL-MUMBAI, MAHARASHTRA",1110.00
164,October,2021,"NRL-NUMALIGARH, ASSAM",254.00
165,October,2021,"HPCL-VISAKH,ANDHRA PRADESH",853.00
166,November,2021,"IOCL-BARAUNI,BIHAR",479.00
167,November,2021,"IOCL-PARADIP,ODISHA",1120.00
168,November,2021,"BPCL-KOCHI, KERALA",1429.00
169,November,2021,"NRL-NUMALIGARH, ASSAM",223.00
170,November,2021,"HMEL-GGSR, BATHINDA, PUNJAB",1080.00
171,November,2021,HPCL-TOTAL,2445.00
172,November,2021,"RIL-(SEZ), JAMNAGAR,GUJARAT",2451.00
173,November,2021,RIL TOTAL,5448.00
174,November,2021,"NEL-VADINAR,GUJARAT",1688.00
175,December,2021,"IOCL-KOYALI, GUJARAT",1293.00
176,December,2021,"ONGC-TATIPAKA,ANDHRA PRADESH",7.00
177,December,2021,"HPCL-MUMBAI,MAHARASHTRA",674.00
178,December,2021,"HMEL-GGSR, BATHINDA, PUNJAB",1118.00
179,December,2021,HPCL-TOTAL,2601.00
180,December,2021,GRAND TOTAL,21483.00
181,January,2022,"IOCL-MATHURA, UTTAR PRADESH",746.00
182,January,2022,"IOCL-DIGBOI,ASSAM",59.00
183,January,2022,IOCL TOTAL,5844.00
184,January,2022,"MRPL-MANGALORE,KARNATAKA",1440.00
185,January,2022,RIL TOTAL,5277.00
186,January,2022,"NEL-VADINAR,GUJARAT",1733.00
187,February,2022,"IOCL-BARAUNI,BIHAR",529.00
188,February,2022,"IOCL-KOYALI, GUJARAT",1200.00
189,February,2022,"IOCL-DIGBOI,ASSAM",50.00
190,February,2022,"IOCL-PARADIP,ODISHA",1211.00
191,February,2022,BORL-BINA,594.00
192,February,2022,"HPCL-MUMBAI,MAHARASHTRA",748.00
193,February,2022,"RIL,JAMNAGAR,GUJARAT",2777.00
194,February,2022,"RIL-(SEZ), JAMNAGAR,GUJARAT",2013.00
195,February,2022,GRAND TOTAL,20443.00
196,March,2022,"IOCL-KOYALI, GUJARAT",1338.00
197,March,2022,"IOCL-PARADIP,ODISHA",1383.00
198,March,2022,CPCL-TOTAL,1062.00
199,March,2022,BORL-BINA,704.00
200,March,2022,"NRL-NUMALIGARH, ASSAM",188.00
201,March,2022,ONGC TOTAL,1510.00
202,March,2022,"RIL,JAMNAGAR,GUJARAT",3056.00
203,March,2022,"RIL-(SEZ), JAMNAGAR,GUJARAT",2074.00
204,April,2020,"IOCL-MATHURA, UTTAR PRADESH",506.00
205,April,2020,"IOCL-PANIPAT, HARYANA",457.00
206,April,2020,"IOCL-GUWAHATI,ASSAM",
207,April,2020,"IOCL-PARADIP,ODISHA",725.00
208,April,2020,BORL-BINA,332.00
209,April,2020,"HMEL-GGSR, BATHINDA, PUNJAB",593.00
210,May,2020,"IOCL-PANIPAT, HARYANA",919.00
211,May,2020,"ONGC-TATIPAKA,ANDHRA PRADESH",6.00
212,May,2020,"HPCL-VISAKH,ANDHRA PRADESH",743.00
213,May,2020,HPCL-TOTAL,1920.00
214,May,2020,RIL TOTAL,5312.00
215,May,2020,GRAND TOTAL,16347.00
216,June,2020,"IOCL-BARAUNI,BIHAR",512.00
217,June,2020,"IOCL-HALDIA, WEST BENGAL",533.00
218,June,2020,"IOCL-GUWAHATI,ASSAM",64.00
219,June,2020,"NRL-NUMALIGARH, ASSAM",250.00
220,June,2020,"RIL,JAMNAGAR,GUJARAT",2605.00
221,June,2020,"RIL-(SEZ), JAMNAGAR,GUJARAT",2047.00
222,June,2020,"NEL-VADINAR,GUJARAT",1394.00
223,July,2020,"IOCL-MATHURA, UTTAR PRADESH",754.00
224,July,2020,"IOCL-PANIPAT, HARYANA",1115.00
225,July,2020,"BPCL-KOCHI, KERALA",844.00
226,July,2020,"MRPL-MANGALORE,KARNATAKA",766.00
227,August,2020,"IOCL-BARAUNI,BIHAR",318.00
228,August,2020,"IOCL-GUWAHATI,ASSAM",89.00
229,August,2020,BORL-BINA,451.00
230,August,2020,HPCL-TOTAL,2357.00
231,August,2020,"RIL-(SEZ), JAMNAGAR,GUJARAT",1369.00
232,August,2020,"NEL-VADINAR,GUJARAT",1539.00
233,September,2020,"IOCL-BARAUNI,BIHAR",376.00
234,September,2020,"IOCL-PANIPAT, HARYANA",1025.00
235,September,2020,"IOCL-DIGBOI,ASSAM",46.00
236,September,2020,"NEL-VADINAR,GUJARAT",1460.00
237,September,2020,GRAND TOTAL,17707.00
238,October,2020,"IOCL-KOYALI, GUJARAT",1049.00
239,October,2020,IOCL TOTAL,5662.00
240,October,2020,"CPCL-MANALI, TAMILNADU",725.00
241,October,2020,CPCL-TOTAL,725.00
242,November,2020,"IOCL-BARAUNI,BIHAR",579.00
243,November,2020,"IOCL-PANIPAT, HARYANA",1359.00
244,November,2020,"IOCL-GUWAHATI,ASSAM",83.00
245,November,2020,BORL-BINA,594.00
246,November,2020,BPCL-TOTAL,3409.00
247,November,2020,"MRPL-MANGALORE,KARNATAKA",1011.00
248,November,2020,HPCL-TOTAL,2457.00
249,December,2020,"IOCL-BONGAIGAON,ASSAM",204.00
250,December,2020,"CPCL-MANALI, TAMILNADU",766.00
251,December,2020,"BPCL-MUMBAI, MAHARASHTRA",1200.00
252,December,2020,BORL-BINA,625.00
253,December,2020,"NRL-NUMALIGARH, ASSAM",260.00
254,December,2020,"ONGC-TATIPAKA,ANDHRA PRADESH",7.00
255,December,2020,"MRPL-MANGALORE,KARNATAKA",1307.00
256,December,2020,"HPCL-MUMBAI,MAHARASHTRA",578.00
257,December,2020,"NEL-VADINAR,GUJARAT",1544.00
258,January,2021,"IOCL-BARAUNI,BIHAR",589.00
259,January,2021,"IOCL-PANIPAT, HARYANA",1321.00
260,January,2021,"IOCL-GUWAHATI,ASSAM",90.00
261,January,2021,"CPCL-MANALI, TAMILNADU",917.00
262,January,2021,"HPCL-VISAKH,ANDHRA PRADESH",800.00
263,January,2021,"RIL,JAMNAGAR,GUJARAT",2916.00
264,February,2021,CPCL-TOTAL,758.00
265,February,2021,"BPCL-KOCHI, KERALA",1410.00
266,February,2021,BORL-BINA,601.00
267,February,2021,"MRPL-MANGALORE,KARNATAKA",1297.00
268,February,2021,ONGC TOTAL,1305.00
269,February,2021,GRAND TOTAL,18617.00
270,March,2021,"IOCL-BONGAIGAON,ASSAM",230.00
271,March,2021,"HPCL-VISAKH,ANDHRA PRADESH",867.00
272,March,2021,HPCL-TOTAL,2606.00
273,September,2022,"CPCL-MANALI, TAMILNADU",961.61
274,September,2022,"BPCL-MUMBAI, MAHARASHTRA",1261.03
275,October,2022,"IOCL-KOYALI, GUJARAT",1323.40
276,October,2022,"IOCL-HALDIA, WEST BENGAL",724.58
277,October,2022,"IOCL-MATHURA, UTTAR PRADESH",794.59
278,October,2022,"IOCL-PARADIP,ODISHA",1239.11
279,October,2022,IOCL TOTAL,6245.22
280,October,2022,"HPCL-VISAKH,ANDHRA PRADESH",787.49
281,October,2022,RIL TOTAL,4691.26
282,November,2022,"IOCL-PARADIP,ODISHA",1330.62
283,November,2022,BPCL-TOTAL,3289.21
284,November,2022,"NRL-NUMALIGARH, ASSAM",247.00
285,November,2022,"ONGC-TATIPAKA,ANDHRA PRADESH",6.30
286,November,2022,"HPCL-MUMBAI,MAHARASHTRA",820.12
287,November,2022,"RIL,JAMNAGAR,GUJARAT",2555.92
288,December,2022,"IOCL-GUWAHATI,ASSAM",73.44
289,December,2022,"IOCL-PARADIP,ODISHA",1416.58
290,December,2022,"NRL-NUMALIGARH, ASSAM",271.76
291,December,2022,"HPCL-MUMBAI,MAHARASHTRA",850.56
292,December,2022,"HMEL-GGSR, BATHINDA, PUNJAB",1116.44
293,December,2022,"RIL,JAMNAGAR,GUJARAT",2840.86
294,December,2022,GRAND TOTAL,22272.56
295,January,2023,"IOCL-BARAUNI,BIHAR",602.13
296,January,2023,"IOCL-PARADIP,ODISHA",1425.16
297,January,2023,"CPCL-MANALI, TAMILNADU",990.30
298,January,2023,CPCL-TOTAL,990.30
299,January,2023,"MRPL-MANGALORE,KARNATAKA",1496.59
300,January,2023,ONGC TOTAL,1503.17
301,January,2023,"HMEL-GGSR, BATHINDA, PUNJAB",1116.62
302,January,2023,"NEL-VADINAR,GUJARAT",1719.37
303,February,2023,"CPCL-MANALI, TAMILNADU",927.88
304,February,2023,"BPCL-MUMBAI, MAHARASHTRA",1293.12
305,February,2023,GRAND TOTAL,20847.79
306,March,2023,"IOCL-GUWAHATI,ASSAM",96.81
307,March,2023,"CPCL-MANALI, TAMILNADU",1033.64
308,March,2023,BORL-BINA,735.71
309,April,2021,"IOCL-KOYALI, GUJARAT",998.00
310,April,2021,"IOCL-HALDIA, WEST BENGAL",696.00
311,April,2021,"IOCL-GUWAHATI,ASSAM",62.00
312,April,2021,"IOCL-DIGBOI,ASSAM",56.00
313,April,2021,"IOCL-BONGAIGAON,ASSAM",225.00
314,April,2021,IOCL TOTAL,5980.00
315,April,2021,"CPCL-MANALI, TAMILNADU",760.00
316,April,2021,BPCL-TOTAL,3236.00
317,April,2021,"RIL-(SEZ), JAMNAGAR,GUJARAT",2248.00
318,May,2021,"CPCL-MANALI, TAMILNADU",629.00
319,May,2021,"BPCL-MUMBAI, MAHARASHTRA",1172.00
320,May,2021,"NRL-NUMALIGARH, ASSAM",226.00
321,May,2021,"ONGC-TATIPAKA,ANDHRA PRADESH",7.00
322,May,2021,"NEL-VADINAR,GUJARAT",1692.00
323,June,2021,"IOCL-BARAUNI,BIHAR",442.00
324,June,2021,"IOCL-MATHURA, UTTAR PRADESH",698.00
325,June,2021,IOCL TOTAL,5358.00
326,June,2021,CPCL-TOTAL,646.00
327,June,2021,"NRL-NUMALIGARH, ASSAM",193.00
328,June,2021,"HPCL-MUMBAI,MAHARASHTRA",304.00
329,June,2021,"HPCL-VISAKH,ANDHRA PRADESH",481.00
330,June,2021,RIL TOTAL,5219.00
331,June,2021,GRAND TOTAL,18400.00
332,July,2021,"IOCL-DIGBOI,ASSAM",60.00
333,July,2021,"NRL-NUMALIGARH, ASSAM",227.00
334,July,2021,"HPCL-MUMBAI,MAHARASHTRA",319.00
335,July,2021,"HPCL-VISAKH,ANDHRA PRADESH",480.00
336,July,2021,GRAND TOTAL,19384.00
337,August,2021,"IOCL-PANIPAT, HARYANA",1150.00
338,August,2021,"IOCL-GUWAHATI,ASSAM",64.00
339,August,2021,"HPCL-VISAKH,ANDHRA PRADESH",479.00
340,August,2021,HPCL-TOTAL,1890.00
341,August,2021,"RIL-(SEZ), JAMNAGAR,GUJARAT",2237.00
342,September,2021,"IOCL-PARADIP,ODISHA",838.00
343,September,2021,GRAND TOTAL,18214.00
344,October,2021,"IOCL-HALDIA, WEST BENGAL",736.00
345,October,2021,"IOCL-BONGAIGAON,ASSAM",215.00
346,October,2021,CPCL-TOTAL,500.00
347,October,2021,"BPCL-KOCHI, KERALA",1444.00
348,October,2021,GRAND TOTAL,20958.00
349,November,2021,"IOCL-KOYALI, GUJARAT",1123.00
350,November,2021,"IOCL-MATHURA, UTTAR PRADESH",852.00
351,November,2021,"IOCL-BONGAIGAON,ASSAM",217.00
352,November,2021,IOCL TOTAL,5982.00
353,November,2021,BORL-BINA,684.00
354,November,2021,"HPCL-VISAKH,ANDHRA PRADESH",819.00
355,December,2021,"IOCL-HALDIA, WEST BENGAL",264.00
356,December,2021,"IOCL-BONGAIGAON,ASSAM",206.00
357,December,2021,"BPCL-MUMBAI, MAHARASHTRA",1304.00
358,December,2021,BORL-BINA,657.00
359,January,2022,"IOCL-PANIPAT, HARYANA",1221.00
360,January,2022,"IOCL-PARADIP,ODISHA",1325.00
361,January,2022,"BPCL-MUMBAI, MAHARASHTRA",1303.00
362,January,2022,BPCL-TOTAL,3475.00
363,January,2022,"RIL-(SEZ), JAMNAGAR,GUJARAT",2235.00
364,February,2022,"IOCL-BONGAIGAON,ASSAM",181.00
365,February,2022,"NRL-NUMALIGARH, ASSAM",234.00
366,March,2022,"IOCL-BARAUNI,BIHAR",596.00
367,March,2022,"MRPL-MANGALORE,KARNATAKA",1504.00
368,March,2022,GRAND TOTAL,22337.00
369,April,2020,"IOCL-BARAUNI,BIHAR",247.00
370,April,2020,"IOCL-KOYALI, GUJARAT",578.00
371,April,2020,"MRPL-MANGALORE,KARNATAKA",671.00
372,April,2020,"HPCL-MUMBAI,MAHARASHTRA",549.00
373,April,2020,HPCL-TOTAL,1917.00
374,April,2020,"RIL-(SEZ), JAMNAGAR,GUJARAT",2523.00
375,May,2020,"IOCL-DIGBOI,ASSAM",56.00
376,May,2020,"IOCL-PARADIP,ODISHA",959.00
377,May,2020,"MRPL-MANGALORE,KARNATAKA",566.00
378,May,2020,"HPCL-MUMBAI,MAHARASHTRA",525.00
379,May,2020,"RIL-(SEZ), JAMNAGAR,GUJARAT",2550.00
380,June,2020,"IOCL-MATHURA, UTTAR PRADESH",769.00
381,June,2020,IOCL TOTAL,5573.00
382,June,2020,"CPCL-MANALI, TAMILNADU",579.00
383,June,2020,ONGC TOTAL,634.00
384,June,2020,"HPCL-VISAKH,ANDHRA PRADESH",725.00
385,June,2020,HPCL-TOTAL,2164.00
386,July,2020,"IOCL-BARAUNI,BIHAR",437.00
387,July,2020,"IOCL-DIGBOI,ASSAM",51.00
388,July,2020,"CPCL-MANALI, TAMILNADU",724.00
389,July,2020,BPCL-TOTAL,2571.00
390,July,2020,"HPCL-VISAKH,ANDHRA PRADESH",718.00
391,July,2020,HPCL-TOTAL,2390.00
392,July,2020,"RIL-(SEZ), JAMNAGAR,GUJARAT",1468.00
393,August,2020,"IOCL-HALDIA, WEST BENGAL",562.00
394,August,2020,"CPCL-MANALI, TAMILNADU",562.00
395,August,2020,"BPCL-KOCHI, KERALA",936.00
396,August,2020,BPCL-TOTAL,2440.00
397,August,2020,"HPCL-MUMBAI,MAHARASHTRA",658.00
398,August,2020,"HMEL-GGSR, BATHINDA, PUNJAB",1047.00
399,August,2020,RIL TOTAL,4390.00
400,September,2020,"IOCL-BONGAIGAON,ASSAM",189.00
401,September,2020,"BPCL-MUMBAI, MAHARASHTRA",909.00
402,September,2020,"NRL-NUMALIGARH, ASSAM",198.00
403,September,2020,"ONGC-TATIPAKA,ANDHRA PRADESH",7.00
404,September,2020,ONGC TOTAL,820.00
405,September,2020,HPCL-TOTAL,2414.00
406,September,2020,"RIL-(SEZ), JAMNAGAR,GUJARAT",2230.00
407,October,2020,"IOCL-BARAUNI,BIHAR",435.00
408,October,2020,"IOCL-HALDIA, WEST BENGAL",585.00
409,October,2020,"IOCL-DIGBOI,ASSAM",61.00
410,October,2020,"NRL-NUMALIGARH, ASSAM",232.00
411,October,2020,BPCL-TOTAL,2910.00
412,October,2020,"ONGC-TATIPAKA,ANDHRA PRADESH",7.00
413,October,2020,"HPCL-VISAKH,ANDHRA PRADESH",793.00
414,October,2020,"RIL,JAMNAGAR,GUJARAT",3023.00
415,October,2020,"NEL-VADINAR,GUJARAT",563.00
416,October,2020,GRAND TOTAL,18389.00
417,November,2020,"IOCL-KOYALI, GUJARAT",1124.00
418,November,2020,"IOCL-HALDIA, WEST BENGAL",680.00
419,November,2020,"IOCL-MATHURA, UTTAR PRADESH",796.00
420,November,2020,"IOCL-DIGBOI,ASSAM",59.00
421,November,2020,IOCL TOTAL,6210.00
422,November,2020,"BPCL-MUMBAI, MAHARASHTRA",1247.00
423,November,2020,"HMEL-GGSR, BATHINDA, PUNJAB",1038.00
424,November,2020,"RIL-(SEZ), JAMNAGAR,GUJARAT",2611.00
425,December,2020,"IOCL-BARAUNI,BIHAR",553.00
426,December,2020,"IOCL-GUWAHATI,ASSAM",84.00
427,December,2020,"IOCL-DIGBOI,ASSAM",58.00
428,December,2020,ONGC TOTAL,1314.00
429,January,2021,"IOCL-HALDIA, WEST BENGAL",723.00
430,January,2021,"IOCL-MATHURA, UTTAR PRADESH",893.00
431,January,2021,"IOCL-DIGBOI,ASSAM",58.00
432,January,2021,"IOCL-PARADIP,ODISHA",1206.00
433,January,2021,IOCL TOTAL,6278.00
434,January,2021,"BPCL-MUMBAI, MAHARASHTRA",1320.00
435,January,2021,"BPCL-KOCHI, KERALA",1573.00
436,January,2021,"NEL-VADINAR,GUJARAT",1545.00
437,January,2021,GRAND TOTAL,21809.00
438,February,2021,"IOCL-KOYALI, GUJARAT",912.00
439,February,2021,"IOCL-PANIPAT, HARYANA",1047.00
440,February,2021,"IOCL-PARADIP,ODISHA",1164.00
441,February,2021,"CPCL-MANALI, TAMILNADU",758.00
442,February,2021,"BPCL-MUMBAI, MAHARASHTRA",1264.00
443,February,2021,RIL TOTAL,4876.00
444,March,2021,"IOCL-DIGBOI,ASSAM",23.00
445,March,2021,IOCL TOTAL,5927.00
446,March,2021,"BPCL-MUMBAI, MAHARASHTRA",1376.00
447,March,2021,"ONGC-TATIPAKA,ANDHRA PRADESH",8.00
448,March,2021,"MRPL-MANGALORE,KARNATAKA",1361.00
449,March,2021,ONGC TOTAL,1369.00
450,March,2021,RIL TOTAL,4890.00
451,April,2023,"IOCL-PANIPAT, HARYANA",1251.74
452,April,2023,"IOCL-DIGBOI,ASSAM",43.90
453,April,2023,"ONGC-TATIPAKA,ANDHRA PRADESH",6.63
454,April,2023,"NEL-VADINAR,GUJARAT",1670.56
455,May,2023,"IOCL-BARAUNI,BIHAR",579.56
456,May,2023,"IOCL-KOYALI, GUJARAT",1330.39
457,May,2023,"IOCL-HALDIA, WEST BENGAL",720.08
458,May,2023,"ONGC-TATIPAKA,ANDHRA PRADESH",6.36
459,May,2023,"MRPL-MANGALORE,KARNATAKA",1494.17
460,May,2023,"HPCL-MUMBAI,MAHARASHTRA",790.76
461,May,2023,HPCL-TOTAL,2957.93
462,June,2023,"IOCL-KOYALI, GUJARAT",1275.12
463,June,2023,"IOCL-PANIPAT, HARYANA",1277.62
464,June,2023,"IOCL-PARADIP,ODISHA",1346.43
465,June,2023,"BPCL-MUMBAI, MAHARASHTRA",1367.86
466,June,2023,BPCL-TOTAL,3415.50
467,June,2023,"ONGC-TATIPAKA,ANDHRA PRADESH",5.61
468,July,2023,"IOCL-MATHURA, UTTAR PRADESH",436.21
469,July,2023,"IOCL-PANIPAT, HARYANA",1220.09
470,July,2023,"IOCL-BONGAIGAON,ASSAM",236.57
471,July,2023,"CPCL-MANALI, TAMILNADU",1040.15
472,July,2023,"MRPL-MANGALORE,KARNATAKA",1438.50
473,July,2023,ONGC TOTAL,1443.88
474,July,2023,"HPCL-VISAKH,ANDHRA PRADESH",1108.69
475,July,2023,"HMEL-GGSR, BATHINDA, PUNJAB",1102.12
476,August,2023,"IOCL-PANIPAT, HARYANA",1230.31
477,August,2023,"IOCL-PARADIP,ODISHA",1429.01
478,August,2023,IOCL TOTAL,6252.46
479,August,2023,BORL-BINA,485.24
480,August,2023,BPCL-TOTAL,3217.68
481,September,2023,"IOCL-KOYALI, GUJARAT",1169.64
482,September,2023,"IOCL-PARADIP,ODISHA",1172.85
483,September,2023,CPCL-TOTAL,1007.97
484,September,2023,ONGC TOTAL,769.08
485,September,2023,"HMEL-GGSR, BATHINDA, PUNJAB",1074.65
486,October,2023,"IOCL-PANIPAT, HARYANA",1300.18
487,October,2023,"BPCL-KOCHI, KERALA",1543.83
488,October,2023,BORL-BINA,710.06
489,October,2023,"HPCL-MUMBAI,MAHARASHTRA",898.01
490,October,2023,"NEL-VADINAR,GUJARAT",1726.29
491,October,2023,GRAND TOTAL,20562.37
492,November,2023,"IOCL-KOYALI, GUJARAT",1290.12
493,November,2023,"IOCL-MATHURA, UTTAR PRADESH",864.52
494,November,2023,"IOCL-DIGBOI,ASSAM",66.30
495,November,2023,"IOCL-BONGAIGAON,ASSAM",249.59
496,November,2023,IOCL TOTAL,6319.06
497,November,2023,CPCL-TOTAL,1001.04
498,November,2023,BPCL-TOTAL,3117.07
499,November,2023,ONGC TOTAL,1503.80
500,November,2023,"HMEL-GGSR, BATHINDA, PUNJAB",1074.42
501,December,2023,"IOCL-GUWAHATI,ASSAM",97.18
502,December,2023,"IOCL-BONGAIGAON,ASSAM",255.87
503,December,2023,IOCL TOTAL,6526.50
504,December,2023,"CPCL-MANALI, TAMILNADU",820.50
505,December,2023,BORL-BINA,666.16
506,December,2023,"NRL-NUMALIGARH, ASSAM",287.17
507,December,2023,"HPCL-VISAKH,ANDHRA PRADESH",907.85
508,January,2024,"IOCL-PANIPAT, HARYANA",1213.87
509,January,2024,CPCL-TOTAL,1001.24
510,January,2024,"HPCL-VISAKH,ANDHRA PRADESH",1180.36
511,January,2024,HPCL-TOTAL,2886.15
512,January,2024,"RIL-(SEZ), JAMNAGAR,GUJARAT",2615.91
513,January,2024,GRAND TOTAL,22566.05
514,February,2024,"IOCL-HALDIA, WEST BENGAL",678.34
515,February,2024,"IOCL-MATHURA, UTTAR PRADESH",793.51
516,February,2024,"BPCL-KOCHI, KERALA",1203.80
517,February,2024,BORL-BINA,663.63
518,February,2024,"NRL-NUMALIGARH, ASSAM",261.60
519,February,2024,HPCL-TOTAL,2818.23
520,February,2024,"NEL-VADINAR,GUJARAT",1622.29
521,February,2024,GRAND TOTAL,20876.75
522,March,2024,"IOCL-PANIPAT, HARYANA",1105.09
523,March,2024,CPCL-TOTAL,1072.31
524,April,2022,"IOCL-BARAUNI,BIHAR",550.61
525,April,2022,"IOCL-MATHURA, UTTAR PRADESH",805.13
526,April,2022,"IOCL-DIGBOI,ASSAM",58.03
527,April,2022,"IOCL-BONGAIGAON,ASSAM",209.04
528,April,2022,"HPCL-MUMBAI,MAHARASHTRA",731.49
529,April,2022,"RIL-(SEZ), JAMNAGAR,GUJARAT",2116.64
530,April,2022,RIL TOTAL,5150.91
531,May,2022,"CPCL-MANALI, TAMILNADU",1005.44
532,May,2022,CPCL-TOTAL,1005.44
533,May,2022,"HMEL-GGSR, BATHINDA, PUNJAB",1111.19
534,June,2022,"IOCL-MATHURA, UTTAR PRADESH",867.72
535,June,2022,"IOCL-GUWAHATI,ASSAM",92.08
536,June,2022,"IOCL-DIGBOI,ASSAM",60.93
537,June,2022,"CPCL-MANALI, TAMILNADU",972.61
538,June,2022,"ONGC-TATIPAKA,ANDHRA PRADESH",6.72
539,June,2022,HPCL-TOTAL,2712.01
540,July,2022,"IOCL-PANIPAT, HARYANA",1154.63
541,July,2022,"IOCL-PARADIP,ODISHA",1346.24
542,July,2022,"CPCL-MANALI, TAMILNADU",975.07
543,July,2022,"BPCL-KOCHI, KERALA",1423.65
544,July,2022,"NRL-NUMALIGARH, ASSAM",261.07
545,July,2022,ONGC TOTAL,1433.34
546,July,2022,"HPCL-VISAKH,ANDHRA PRADESH",683.83
547,July,2022,GRAND TOTAL,21423.24
548,August,2022,"IOCL-GUWAHATI,ASSAM",91.19
549,August,2022,"IOCL-PARADIP,ODISHA",2.10
550,August,2022,CPCL-TOTAL,940.43
551,August,2022,RIL TOTAL,5176.59
552,September,2022,"IOCL-KOYALI, GUJARAT",1270.87
553,September,2022,"IOCL-PANIPAT, HARYANA",1153.66
554,September,2022,CPCL-TOTAL,961.61
555,September,2022,"BPCL-KOCHI, KERALA",1155.88
556,September,2022,"MRPL-MANGALORE,KARNATAKA",1329.62
557,September,2022,ONGC TOTAL,1336.44
558,September,2022,"HPCL-VISAKH,ANDHRA PRADESH",814.04
559,September,2022,"RIL-(SEZ), JAMNAGAR,GUJARAT",1838.73
560,October,2022,BORL-BINA,705.16
561,October,2022,"HPCL-MUMBAI,MAHARASHTRA",761.39
562,October,2022,"RIL,JAMNAGAR,GUJARAT",2931.62
563,November,2022,"IOCL-PANIPAT, HARYANA",699.93
564,November,2022,"IOCL-GUWAHATI,ASSAM",89.34
565,November,2022,IOCL TOTAL,5796.21
566,November,2022,"MRPL-MANGALORE,KARNATAKA",1461.60
567,November,2022,"HPCL-VISAKH,ANDHRA PRADESH",801.28
568,November,2022,"HMEL-GGSR, BATHINDA, PUNJAB",978.05
569,November,2022,"NEL-VADINAR,GUJARAT",25.55
570,November,2022,GRAND TOTAL,19580.02
571,December,2022,"IOCL-HALDIA, WEST BENGAL",731.49
572,December,2022,IOCL TOTAL,6161.15
573,December,2022,"BPCL-KOCHI, KERALA",1506.63
574,December,2022,"RIL-(SEZ), JAMNAGAR,GUJARAT",2467.05
575,December,2022,RIL TOTAL,5307.90
576,January,2023,"IOCL-KOYALI, GUJARAT",1259.75
577,January,2023,"IOCL-HALDIA, WEST BENGAL",704.67
578,January,2023,"IOCL-DIGBOI,ASSAM",62.73
579,January,2023,"IOCL-BONGAIGAON,ASSAM",253.07
580,January,2023,"NRL-NUMALIGARH, ASSAM",284.05
581,January,2023,GRAND TOTAL,22809.58
582,February,2023,"IOCL-MATHURA, UTTAR PRADESH",740.61
583,February,2023,"IOCL-PANIPAT, HARYANA",1208.35
584,February,2023,"BPCL-KOCHI, KERALA",1406.51
585,February,2023,"RIL,JAMNAGAR,GUJARAT",2575.91
586,February,2023,"NEL-VADINAR,GUJARAT",1568.22
587,March,2023,"IOCL-BONGAIGAON,ASSAM",257.73
588,March,2023,"BPCL-KOCHI, KERALA",1542.02
589,March,2023,BPCL-TOTAL,3636.00
590,March,2023,"NRL-NUMALIGARH, ASSAM",205.02
591,March,2023,ONGC TOTAL,1507.19
592,March,2023,"HPCL-MUMBAI,MAHARASHTRA",873.83
593,March,2023,"HPCL-VISAKH,ANDHRA PRADESH",874.03
594,April,2021,BORL-BINA,648.00
595,April,2021,"NRL-NUMALIGARH, ASSAM",221.00
596,April,2021,"ONGC-TATIPAKA,ANDHRA PRADESH",7.00
597,April,2021,ONGC TOTAL,1107.00
598,April,2021,"HPCL-MUMBAI,MAHARASHTRA",41.00
599,April,2021,"RIL,JAMNAGAR,GUJARAT",2773.00
600,May,2021,"IOCL-KOYALI, GUJARAT",1042.00
601,May,2021,"IOCL-HALDIA, WEST BENGAL",624.00
602,May,2021,"IOCL-DIGBOI,ASSAM",61.00
603,May,2021,"BPCL-KOCHI, KERALA",910.00
604,May,2021,BORL-BINA,519.00
605,May,2021,"MRPL-MANGALORE,KARNATAKA",961.00
606,May,2021,ONGC TOTAL,968.00
607,May,2021,"HPCL-VISAKH,ANDHRA PRADESH",737.00
608,June,2021,"BPCL-MUMBAI, MAHARASHTRA",1029.00
609,June,2021,"BPCL-KOCHI, KERALA",1016.00
610,June,2021,"MRPL-MANGALORE,KARNATAKA",1010.00
611,June,2021,"HMEL-GGSR, BATHINDA, PUNJAB",1063.00
612,June,2021,"RIL-(SEZ), JAMNAGAR,GUJARAT",2530.00
613,July,2021,"CPCL-MANALI, TAMILNADU",819.00
614,July,2021,BORL-BINA,623.00
615,July,2021,"RIL,JAMNAGAR,GUJARAT",2743.00
616,July,2021,RIL TOTAL,5027.00
617,July,2021,"NEL-VADINAR,GUJARAT",1677.00
618,August,2021,"IOCL-MATHURA, UTTAR PRADESH",643.00
619,August,2021,"BPCL-MUMBAI, MAHARASHTRA",1286.00
620,August,2021,"HMEL-GGSR, BATHINDA, PUNJAB",1112.00
621,September,2021,"IOCL-DIGBOI,ASSAM",60.00
622,September,2021,"IOCL-BONGAIGAON,ASSAM",219.00
623,September,2021,"ONGC-TATIPAKA,ANDHRA PRADESH",7.00
624,September,2021,"HMEL-GGSR, BATHINDA, PUNJAB",1079.00
625,September,2021,"RIL,JAMNAGAR,GUJARAT",2841.00
626,September,2021,"RIL-(SEZ), JAMNAGAR,GUJARAT",2361.00
627,October,2021,"IOCL-PANIPAT, HARYANA",1315.00
628,October,2021,"IOCL-PARADIP,ODISHA",877.00
629,October,2021,"CPCL-MANALI, TAMILNADU",500.00
630,October,2021,BPCL-TOTAL,3213.00
631,October,2021,"HPCL-MUMBAI,MAHARASHTRA",535.00
632,October,2021,"RIL-(SEZ), JAMNAGAR,GUJARAT",2644.00
633,November,2021,"IOCL-HALDIA, WEST BENGAL",708.00
634,November,2021,"IOCL-GUWAHATI,ASSAM",83.00
635,November,2021,"ONGC-TATIPAKA,ANDHRA PRADESH",7.00
636,November,2021,"MRPL-MANGALORE,KARNATAKA",1468.00
637,December,2021,"IOCL-BARAUNI,BIHAR",602.00
638,December,2021,"IOCL-PANIPAT, HARYANA",1298.00
639,December,2021,IOCL TOTAL,5905.00
640,December,2021,"CPCL-MANALI, TAMILNADU",840.00
641,December,2021,CPCL-TOTAL,840.00
642,December,2021,"MRPL-MANGALORE,KARNATAKA",1434.00
643,December,2021,"RIL,JAMNAGAR,GUJARAT",3019.00
644,December,2021,"NEL-VADINAR,GUJARAT",1710.00
645,January,2022,"IOCL-GUWAHATI,ASSAM",92.00
646,January,2022,CPCL-TOTAL,915.00
647,January,2022,"NRL-NUMALIGARH, ASSAM",272.00
648,January,2022,"ONGC-TATIPAKA,ANDHRA PRADESH",7.00
649,February,2022,"IOCL-GUWAHATI,ASSAM",82.00
650,February,2022,IOCL TOTAL,5785.00
651,February,2022,CPCL-TOTAL,928.00
652,February,2022,"BPCL-MUMBAI, MAHARASHTRA",1236.00
653,February,2022,"NEL-VADINAR,GUJARAT",1563.00
654,March,2022,"IOCL-PANIPAT, HARYANA",1285.00
655,March,2022,"IOCL-DIGBOI,ASSAM",61.00
656,March,2022,"IOCL-BONGAIGAON,ASSAM",248.00
657,March,2022,"CPCL-MANALI, TAMILNADU",1062.00
658,March,2022,BPCL-TOTAL,3493.00
659,March,2022,"HPCL-MUMBAI,MAHARASHTRA",711.00
660,March,2022,"HMEL-GGSR, BATHINDA, PUNJAB",1092.00
661,April,2020,"IOCL-BONGAIGAON,ASSAM",174.00
662,April,2020,"BPCL-MUMBAI, MAHARASHTRA",768.00
663,April,2020,BPCL-TOTAL,2086.00
664,April,2020,"ONGC-TATIPAKA,ANDHRA PRADESH",2.00
665,April,2020,"HPCL-VISAKH,ANDHRA PRADESH",774.00
666,April,2020,RIL TOTAL,5314.00
667,April,2020,GRAND TOTAL,14745.00
668,May,2020,"IOCL-BARAUNI,BIHAR",337.00
669,May,2020,"IOCL-GUWAHATI,ASSAM",24.00
670,May,2020,IOCL TOTAL,4311.00
671,May,2020,CPCL-TOTAL,441.00
672,May,2020,"NRL-NUMALIGARH, ASSAM",206.00
673,May,2020,"RIL,JAMNAGAR,GUJARAT",2762.00
674,June,2020,BORL-BINA,387.00
675,June,2020,BPCL-TOTAL,2540.00
676,June,2020,"HMEL-GGSR, BATHINDA, PUNJAB",785.00
677,July,2020,"IOCL-PARADIP,ODISHA",1025.00
678,July,2020,CPCL-TOTAL,724.00
679,July,2020,BORL-BINA,411.00
680,July,2020,ONGC TOTAL,773.00
681,July,2020,"RIL,JAMNAGAR,GUJARAT",2830.00
682,July,2020,"NEL-VADINAR,GUJARAT",1560.00
683,July,2020,GRAND TOTAL,17680.00
684,August,2020,"IOCL-KOYALI, GUJARAT",834.00
685,August,2020,"IOCL-DIGBOI,ASSAM",56.00
686,August,2020,IOCL TOTAL,3950.00
687,August,2020,"BPCL-MUMBAI, MAHARASHTRA",828.00
688,August,2020,"MRPL-MANGALORE,KARNATAKA",905.00
689,September,2020,"IOCL-GUWAHATI,ASSAM",75.00
690,September,2020,CPCL-TOTAL,770.00
691,September,2020,BORL-BINA,489.00
692,September,2020,"HPCL-VISAKH,ANDHRA PRADESH",728.00
693,October,2020,ONGC TOTAL,738.00
694,October,2020,"HPCL-MUMBAI,MAHARASHTRA",496.00
695,October,2020,"HMEL-GGSR, BATHINDA, PUNJAB",1038.00
696,November,2020,"CPCL-MANALI, TAMILNADU",729.00
697,November,2020,CPCL-TOTAL,729.00
698,November,2020,"ONGC-TATIPAKA,ANDHRA PRADESH",7.00
699,November,2020,"HPCL-MUMBAI,MAHARASHTRA",612.00
700,November,2020,"HPCL-VISAKH,ANDHRA PRADESH",808.00
701,November,2020,GRAND TOTAL,20782.00
702,December,2020,"IOCL-MATHURA, UTTAR PRADESH",871.00
703,December,2020,CPCL-TOTAL,766.00
704,December,2020,BPCL-TOTAL,3414.00
705,December,2020,"RIL,JAMNAGAR,GUJARAT",2996.00
706,December,2020,GRAND TOTAL,21024.00
707,January,2021,"NRL-NUMALIGARH, ASSAM",249.00
708,January,2021,BPCL-TOTAL,3837.00
709,January,2021,ONGC TOTAL,1427.00
710,February,2021,"IOCL-BONGAIGAON,ASSAM",196.00
711,February,2021,"HPCL-VISAKH,ANDHRA PRADESH",737.00
712,March,2021,"IOCL-MATHURA, UTTAR PRADESH",853.00
713,March,2021,"IOCL-PARADIP,ODISHA",1362.00
714,March,2021,CPCL-TOTAL,964.00
715,April,2023,"IOCL-KOYALI, GUJARAT",1121.57
716,April,2023,"IOCL-HALDIA, WEST BENGAL",706.28
717,April,2023,"IOCL-GUWAHATI,ASSAM",94.00
718,April,2023,"IOCL-BONGAIGAON,ASSAM",249.60
719,April,2023,CPCL-TOTAL,919.52
720,April,2023,"BPCL-MUMBAI, MAHARASHTRA",1258.57
721,April,2023,BPCL-TOTAL,3236.66
722,April,2023,"NRL-NUMALIGARH, ASSAM",-0.00
723,April,2023,"MRPL-MANGALORE,KARNATAKA",1468.92
724,April,2023,"RIL,JAMNAGAR,GUJARAT",2841.68
725,May,2023,"IOCL-PARADIP,ODISHA",1272.10
726,May,2023,IOCL TOTAL,6417.40
727,May,2023,BPCL-TOTAL,3456.97
728,May,2023,RIL TOTAL,5647.78
729,June,2023,"IOCL-BARAUNI,BIHAR",491.92
730,June,2023,BORL-BINA,579.83
731,June,2023,"NRL-NUMALIGARH, ASSAM",8.30
732,June,2023,RIL TOTAL,5037.32
733,June,2023,GRAND TOTAL,21538.44
734,July,2023,"IOCL-GUWAHATI,ASSAM",94.73
735,July,2023,IOCL TOTAL,6013.25
736,July,2023,"NRL-NUMALIGARH, ASSAM",245.10
737,July,2023,"ONGC-TATIPAKA,ANDHRA PRADESH",5.38
738,July,2023,"RIL,JAMNAGAR,GUJARAT",2951.38
739,August,2023,"IOCL-KOYALI, GUJARAT",1262.85
740,August,2023,"BPCL-KOCHI, KERALA",1345.90
741,August,2023,"NRL-NUMALIGARH, ASSAM",256.76
742,August,2023,"HMEL-GGSR, BATHINDA, PUNJAB",1106.15
743,August,2023,RIL TOTAL,5478.17
744,September,2023,"IOCL-HALDIA, WEST BENGAL",325.10
745,September,2023,"IOCL-GUWAHATI,ASSAM",90.04
746,September,2023,"IOCL-BONGAIGAON,ASSAM",251.38
747,September,2023,"NRL-NUMALIGARH, ASSAM",275.95
748,September,2023,HPCL-TOTAL,2934.57
749,October,2023,"IOCL-PARADIP,ODISHA",722.08
750,October,2023,"BPCL-MUMBAI, MAHARASHTRA",740.46
751,October,2023,BPCL-TOTAL,2994.35
752,October,2023,HPCL-TOTAL,3012.34
753,October,2023,RIL TOTAL,4520.59
754,November,2023,"IOCL-BARAUNI,BIHAR",553.58
755,November,2023,"IOCL-PARADIP,ODISHA",1260.94
756,November,2023,BORL-BINA,682.46
757,November,2023,"HPCL-MUMBAI,MAHARASHTRA",858.19
758,November,2023,"HPCL-VISAKH,ANDHRA PRADESH",826.45
759,November,2023,HPCL-TOTAL,2759.06
760,November,2023,"RIL,JAMNAGAR,GUJARAT",2796.68
761,November,2023,RIL TOTAL,5013.47
762,November,2023,"NEL-VADINAR,GUJARAT",1674.60
763,December,2023,"IOCL-PARADIP,ODISHA",1387.38
764,December,2023,BPCL-TOTAL,3619.88
765,December,2023,"MRPL-MANGALORE,KARNATAKA",1558.25
766,December,2023,"HPCL-MUMBAI,MAHARASHTRA",842.76
767,December,2023,"RIL,JAMNAGAR,GUJARAT",2784.65
768,December,2023,RIL TOTAL,5278.44
769,December,2023,"NEL-VADINAR,GUJARAT",1729.72
770,January,2024,"IOCL-BARAUNI,BIHAR",517.57
771,January,2024,"IOCL-KOYALI, GUJARAT",1191.57
772,January,2024,"IOCL-GUWAHATI,ASSAM",95.74
773,January,2024,BPCL-TOTAL,3476.48
774,January,2024,"MRPL-MANGALORE,KARNATAKA",1527.48
775,February,2024,"IOCL-KOYALI, GUJARAT",1249.94
776,February,2024,"IOCL-PANIPAT, HARYANA",693.25
777,February,2024,"IOCL-GUWAHATI,ASSAM",99.02
778,February,2024,BPCL-TOTAL,3174.59
779,March,2024,"IOCL-HALDIA, WEST BENGAL",735.72
780,March,2024,"IOCL-GUWAHATI,ASSAM",113.51
781,March,2024,"CPCL-MANALI, TAMILNADU",1072.31
782,March,2024,"NRL-NUMALIGARH, ASSAM",285.78
783,March,2024,ONGC TOTAL,1527.62
784,March,2024,"HMEL-GGSR, BATHINDA, PUNJAB",1103.42
785,March,2024,"NEL-VADINAR,GUJARAT",1728.11
786,April,2022,"IOCL-HALDIA, WEST BENGAL",706.39
787,April,2022,"IOCL-PANIPAT, HARYANA",1172.27
788,April,2022,"NRL-NUMALIGARH, ASSAM",270.72
789,April,2022,"ONGC-TATIPAKA,ANDHRA PRADESH",6.05
790,May,2022,"IOCL-HALDIA, WEST BENGAL",712.40
791,May,2022,"IOCL-BONGAIGAON,ASSAM",182.52
792,May,2022,"IOCL-PARADIP,ODISHA",1362.51
793,May,2022,"BPCL-KOCHI, KERALA",1431.85
794,May,2022,ONGC TOTAL,1421.98
795,May,2022,RIL TOTAL,5671.18
796,June,2022,"IOCL-HALDIA, WEST BENGAL",678.74
797,June,2022,"IOCL-BONGAIGAON,ASSAM",185.65
798,June,2022,"NRL-NUMALIGARH, ASSAM",240.56
799,June,2022,"HPCL-MUMBAI,MAHARASHTRA",851.69
800,June,2022,"HMEL-GGSR, BATHINDA, PUNJAB",1078.48
801,July,2022,"IOCL-KOYALI, GUJARAT",1303.93
802,July,2022,"IOCL-DIGBOI,ASSAM",62.85
803,July,2022,"BPCL-MUMBAI, MAHARASHTRA",689.36
804,July,2022,BORL-BINA,586.53
805,July,2022,"MRPL-MANGALORE,KARNATAKA",1428.36
806,July,2022,HPCL-TOTAL,2669.81
807,July,2022,"NEL-VADINAR,GUJARAT",1734.80
808,August,2022,"IOCL-BONGAIGAON,ASSAM",248.88
809,August,2022,"HPCL-MUMBAI,MAHARASHTRA",766.90
810,August,2022,HPCL-TOTAL,2342.38
811,August,2022,"NEL-VADINAR,GUJARAT",1750.80
812,September,2022,"IOCL-DIGBOI,ASSAM",44.35
813,April,2023,"IOCL-PARADIP,ODISHA",1187.32
814,April,2023,"CPCL-MANALI, TAMILNADU",919.52
815,April,2023,"BPCL-KOCHI, KERALA",1384.56
816,April,2023,BORL-BINA,593.53
817,April,2023,"HPCL-MUMBAI,MAHARASHTRA",837.11
818,April,2023,"HPCL-VISAKH,ANDHRA PRADESH",844.74
819,April,2023,"HMEL-GGSR, BATHINDA, PUNJAB",1073.10
820,April,2023,"RIL-(SEZ), JAMNAGAR,GUJARAT",2514.05
821,April,2023,GRAND TOTAL,21450.62
822,May,2023,CPCL-TOTAL,941.28
823,May,2023,ONGC TOTAL,1500.53
824,May,2023,"RIL,JAMNAGAR,GUJARAT",2882.35
825,May,2023,"RIL-(SEZ), JAMNAGAR,GUJARAT",2765.42
826,May,2023,"NEL-VADINAR,GUJARAT",1743.37
827,May,2023,GRAND TOTAL,22726.56
828,June,2023,"IOCL-GUWAHATI,ASSAM",92.45
829,June,2023,"IOCL-DIGBOI,ASSAM",62.73
830,June,2023,"HPCL-MUMBAI,MAHARASHTRA",809.85
831,June,2023,"RIL-(SEZ), JAMNAGAR,GUJARAT",2254.06
832,June,2023,"NEL-VADINAR,GUJARAT",1583.26
833,July,2023,HPCL-TOTAL,3103.73
834,July,2023,"RIL-(SEZ), JAMNAGAR,GUJARAT",2564.65
835,July,2023,"NEL-VADINAR,GUJARAT",1717.65
836,August,2023,"IOCL-HALDIA, WEST BENGAL",689.55
837,August,2023,"IOCL-MATHURA, UTTAR PRADESH",680.98
838,August,2023,"IOCL-DIGBOI,ASSAM",19.81
839,August,2023,"MRPL-MANGALORE,KARNATAKA",990.47
840,August,2023,ONGC TOTAL,995.50
841,August,2023,"HPCL-VISAKH,ANDHRA PRADESH",1104.99
842,August,2023,"RIL-(SEZ), JAMNAGAR,GUJARAT",2538.72
843,August,2023,GRAND TOTAL,21924.43
844,September,2023,IOCL TOTAL,5506.27
845,September,2023,"BPCL-MUMBAI, MAHARASHTRA",1354.53
846,September,2023,BORL-BINA,680.20
847,September,2023,"RIL,JAMNAGAR,GUJARAT",2807.15
848,September,2023,RIL TOTAL,4793.84
849,September,2023,"NEL-VADINAR,GUJARAT",1666.73
850,October,2023,"IOCL-KOYALI, GUJARAT",1279.38
851,October,2023,"IOCL-MATHURA, UTTAR PRADESH",852.62
852,October,2023,"IOCL-GUWAHATI,ASSAM",0.14
853,October,2023,"IOCL-DIGBOI,ASSAM",66.20
854,October,2023,IOCL TOTAL,5656.35
855,October,2023,"MRPL-MANGALORE,KARNATAKA",1354.58
856,November,2023,"IOCL-HALDIA, WEST BENGAL",692.39
857,November,2023,"CPCL-MANALI, TAMILNADU",1001.04
858,November,2023,"BPCL-MUMBAI, MAHARASHTRA",927.63
859,November,2023,"BPCL-KOCHI, KERALA",1506.98
860,November,2023,"RIL-(SEZ), JAMNAGAR,GUJARAT",2216.79
861,December,2023,"IOCL-BARAUNI,BIHAR",597.97
862,December,2023,"IOCL-KOYALI, GUJARAT",1330.24
863,December,2023,"IOCL-HALDIA, WEST BENGAL",726.88
864,December,2023,"IOCL-PANIPAT, HARYANA",1246.48
865,December,2023,CPCL-TOTAL,820.50
866,December,2023,GRAND TOTAL,22686.73
867,January,2024,"IOCL-HALDIA, WEST BENGAL",742.02
868,January,2024,"IOCL-DIGBOI,ASSAM",68.88
869,January,2024,BORL-BINA,731.36
870,January,2024,RIL TOTAL,5582.72
871,February,2024,IOCL TOTAL,5630.93
872,February,2024,"CPCL-MANALI, TAMILNADU",1013.93
873,February,2024,"ONGC-TATIPAKA,ANDHRA PRADESH",5.64
874,February,2024,"MRPL-MANGALORE,KARNATAKA",1462.33
875,February,2024,ONGC TOTAL,1467.97
876,February,2024,"RIL-(SEZ), JAMNAGAR,GUJARAT",2192.13
877,March,2024,"IOCL-BARAUNI,BIHAR",605.82
878,March,2024,"IOCL-BONGAIGAON,ASSAM",252.98
879,March,2024,IOCL TOTAL,6558.95
880,March,2024,"BPCL-KOCHI, KERALA",1556.77
881,March,2024,BORL-BINA,631.74
882,March,2024,"HPCL-MUMBAI,MAHARASHTRA",544.61
883,March,2024,"HPCL-VISAKH,ANDHRA PRADESH",1322.52
884,March,2024,RIL TOTAL,5578.73
885,March,2024,GRAND TOTAL,23372.10
886,April,2022,"IOCL-KOYALI, GUJARAT",1317.97
887,April,2022,"IOCL-PARADIP,ODISHA",1327.97
888,April,2022,IOCL TOTAL,6237.26
889,April,2022,BORL-BINA,684.49
890,April,2022,"RIL,JAMNAGAR,GUJARAT",3034.27
891,April,2022,GRAND TOTAL,21579.61
892,May,2022,"IOCL-BARAUNI,BIHAR",584.47
893,May,2022,"IOCL-KOYALI, GUJARAT",1358.94
894,May,2022,"IOCL-GUWAHATI,ASSAM",93.84
895,May,2022,"IOCL-DIGBOI,ASSAM",62.26
896,May,2022,"BPCL-MUMBAI, MAHARASHTRA",1256.55
897,May,2022,BORL-BINA,675.73
898,May,2022,BPCL-TOTAL,3364.13
899,May,2022,"MRPL-MANGALORE,KARNATAKA",1415.20
900,May,2022,"HPCL-VISAKH,ANDHRA PRADESH",802.67
901,May,2022,GRAND TOTAL,22643.90
902,June,2022,CPCL-TOTAL,972.61
903,June,2022,"BPCL-MUMBAI, MAHARASHTRA",881.71
904,June,2022,"HPCL-VISAKH,ANDHRA PRADESH",781.84
905,June,2022,"RIL-(SEZ), JAMNAGAR,GUJARAT",2408.11
906,July,2022,"IOCL-HALDIA, WEST BENGAL",722.08
907,July,2022,"IOCL-GUWAHATI,ASSAM",93.18
908,July,2022,CPCL-TOTAL,975.07
909,July,2022,"ONGC-TATIPAKA,ANDHRA PRADESH",4.98
910,July,2022,"RIL-(SEZ), JAMNAGAR,GUJARAT",2549.47
911,July,2022,RIL TOTAL,5482.43
912,August,2022,"IOCL-BARAUNI,BIHAR",590.38
913,August,2022,"IOCL-KOYALI, GUJARAT",1277.89
914,August,2022,"IOCL-MATHURA, UTTAR PRADESH",649.60
915,August,2022,"IOCL-DIGBOI,ASSAM",61.16
916,August,2022,IOCL TOTAL,4836.86
917,August,2022,"BPCL-MUMBAI, MAHARASHTRA",1246.63
918,August,2022,"NRL-NUMALIGARH, ASSAM",264.33
919,August,2022,ONGC TOTAL,1186.14
920,September,2022,"IOCL-GUWAHATI,ASSAM",86.65
921,September,2022,"IOCL-PARADIP,ODISHA",274.67
922,September,2022,"ONGC-TATIPAKA,ANDHRA PRADESH",6.82
923,September,2022,"HPCL-MUMBAI,MAHARASHTRA",786.46
924,September,2022,"HMEL-GGSR, BATHINDA, PUNJAB",932.59
925,September,2022,HPCL-TOTAL,2533.10
926,September,2022,"RIL,JAMNAGAR,GUJARAT",2784.11
927,September,2022,"NEL-VADINAR,GUJARAT",1692.16
928,October,2022,"IOCL-BARAUNI,BIHAR",568.94
929,October,2022,"IOCL-PANIPAT, HARYANA",1184.84
930,October,2022,"IOCL-GUWAHATI,ASSAM",93.19
931,October,2022,"CPCL-MANALI, TAMILNADU",723.13
932,October,2022,"HMEL-GGSR, BATHINDA, PUNJAB",1114.49
933,November,2022,"IOCL-BARAUNI,BIHAR",573.35
934,November,2022,"IOCL-MATHURA, UTTAR PRADESH",836.84
935,November,2022,"BPCL-MUMBAI, MAHARASHTRA",1216.45
936,November,2022,"BPCL-KOCHI, KERALA",1380.82
937,November,2022,BORL-BINA,691.93
938,November,2022,"RIL-(SEZ), JAMNAGAR,GUJARAT",2677.79
939,December,2022,"IOCL-DIGBOI,ASSAM",61.96
940,December,2022,CPCL-TOTAL,960.42
941,December,2022,"BPCL-MUMBAI, MAHARASHTRA",1344.11
942,December,2022,BORL-BINA,712.61
943,December,2022,"MRPL-MANGALORE,KARNATAKA",1504.05
944,January,2023,"IOCL-MATHURA, UTTAR PRADESH",805.76
945,January,2023,"IOCL-PANIPAT, HARYANA",1334.66
946,January,2023,IOCL TOTAL,6541.94
947,January,2023,"BPCL-KOCHI, KERALA",1533.08
948,January,2023,BPCL-TOTAL,3601.99
949,January,2023,"HPCL-MUMBAI,MAHARASHTRA",837.69
950,January,2023,HPCL-TOTAL,2777.96
951,February,2023,"IOCL-KOYALI, GUJARAT",1212.84
952,February,2023,"IOCL-HALDIA, WEST BENGAL",665.21
953,February,2023,IOCL TOTAL,5938.40
954,February,2023,"MRPL-MANGALORE,KARNATAKA",1392.99
955,February,2023,"HPCL-MUMBAI,MAHARASHTRA",803.65
956,February,2023,"HPCL-VISAKH,ANDHRA PRADESH",745.84
957,February,2023,HPCL-TOTAL,2557.50
958,February,2023,"RIL-(SEZ), JAMNAGAR,GUJARAT",2280.04
959,February,2023,RIL TOTAL,4855.94
960,March,2023,"IOCL-KOYALI, GUJARAT",1346.06
961,March,2023,"IOCL-MATHURA, UTTAR PRADESH",897.88
962,March,2023,"IOCL-PANIPAT, HARYANA",1297.96
963,March,2023,"BPCL-MUMBAI, MAHARASHTRA",1358.27
964,March,2023,"ONGC-TATIPAKA,ANDHRA PRADESH",4.94
965,March,2023,"HMEL-GGSR, BATHINDA, PUNJAB",1110.38
966,March,2023,HPCL-TOTAL,2858.24
967,March,2023,RIL TOTAL,5359.75
968,April,2021,"IOCL-MATHURA, UTTAR PRADESH",819.00
969,April,2021,"BPCL-MUMBAI, MAHARASHTRA",1225.00
970,April,2021,"HPCL-VISAKH,ANDHRA PRADESH",826.00
971,April,2021,RIL TOTAL,5021.00
972,May,2021,"IOCL-BARAUNI,BIHAR",533.00
973,May,2021,CPCL-TOTAL,629.00
974,May,2021,HPCL-TOTAL,1958.00
975,May,2021,"RIL-(SEZ), JAMNAGAR,GUJARAT",2678.00
976,May,2021,RIL TOTAL,5515.00
977,May,2021,GRAND TOTAL,18970.00
978,June,2021,"IOCL-GUWAHATI,ASSAM",
979,June,2021,"IOCL-DIGBOI,ASSAM",59.00
980,June,2021,BPCL-TOTAL,2471.00
981,June,2021,"ONGC-TATIPAKA,ANDHRA PRADESH",6.00
982,June,2021,ONGC TOTAL,1015.00
983,June,2021,"RIL,JAMNAGAR,GUJARAT",2690.00
984,July,2021,"IOCL-HALDIA, WEST BENGAL",644.00
985,July,2021,"IOCL-MATHURA, UTTAR PRADESH",665.00
986,July,2021,"IOCL-PARADIP,ODISHA",1059.00
987,July,2021,"BPCL-MUMBAI, MAHARASHTRA",1253.00
988,July,2021,"BPCL-KOCHI, KERALA",1087.00
989,July,2021,"MRPL-MANGALORE,KARNATAKA",1105.00
990,August,2021,"IOCL-KOYALI, GUJARAT",1090.00
991,August,2021,"IOCL-HALDIA, WEST BENGAL",709.00
992,August,2021,"BPCL-KOCHI, KERALA",1087.00
993,August,2021,BORL-BINA,598.00
994,August,2021,"ONGC-TATIPAKA,ANDHRA PRADESH",7.00
995,August,2021,"RIL,JAMNAGAR,GUJARAT",2873.00
996,August,2021,RIL TOTAL,5110.00
997,September,2021,"CPCL-MANALI, TAMILNADU",497.00
998,September,2021,"BPCL-MUMBAI, MAHARASHTRA",957.00
999,September,2021,BORL-BINA,579.00
1000,September,2021,"NRL-NUMALIGARH, ASSAM",238.00
1001,September,2021,"HPCL-MUMBAI,MAHARASHTRA",411.00
1002,September,2021,HPCL-TOTAL,2037.00
1003,September,2021,RIL TOTAL,5203.00
1004,October,2021,"IOCL-BARAUNI,BIHAR",427.00
1005,October,2021,"IOCL-KOYALI, GUJARAT",939.00
1006,October,2021,"IOCL-DIGBOI,ASSAM",61.00
1007,October,2021,BORL-BINA,658.00
1008,October,2021,"ONGC-TATIPAKA,ANDHRA PRADESH",6.00
1009,October,2021,"MRPL-MANGALORE,KARNATAKA",1463.00
1010,October,2021,"HMEL-GGSR, BATHINDA, PUNJAB",1113.00
1011,October,2021,HPCL-TOTAL,2501.00
1012,October,2021,"RIL,JAMNAGAR,GUJARAT",3110.00
1013,November,2021,"IOCL-PANIPAT, HARYANA",1340.00
1014,November,2021,"IOCL-DIGBOI,ASSAM",61.00
1015,November,2021,CPCL-TOTAL,816.00
1016,November,2021,"HPCL-MUMBAI,MAHARASHTRA",545.00
1017,November,2021,GRAND TOTAL,21483.00
1018,December,2021,"IOCL-MATHURA, UTTAR PRADESH",766.00
1019,December,2021,BPCL-TOTAL,3321.00
1020,December,2021,ONGC TOTAL,1441.00
1021,December,2021,"HPCL-VISAKH,ANDHRA PRADESH",809.00
1022,December,2021,RIL TOTAL,5529.00
1023,January,2022,"IOCL-KOYALI, GUJARAT",1273.00
1024,January,2022,"IOCL-HALDIA, WEST BENGAL",301.00
1025,January,2022,"CPCL-MANALI, TAMILNADU",915.00
1026,January,2022,"BPCL-KOCHI, KERALA",1450.00
1027,January,2022,"HPCL-MUMBAI,MAHARASHTRA",852.00
1028,January,2022,"RIL,JAMNAGAR,GUJARAT",3042.00
1029,February,2022,"ONGC-TATIPAKA,ANDHRA PRADESH",6.00
1030,February,2022,"MRPL-MANGALORE,KARNATAKA",1392.00
1031,February,2022,ONGC TOTAL,1399.00
1032,February,2022,HPCL-TOTAL,2519.00
1033,March,2022,"IOCL-MATHURA, UTTAR PRADESH",884.00
1034,March,2022,"IOCL-GUWAHATI,ASSAM",93.00
1035,March,2022,IOCL TOTAL,6636.00
1036,March,2022,"ONGC-TATIPAKA,ANDHRA PRADESH",6.00
1037,March,2022,"HPCL-VISAKH,ANDHRA PRADESH",825.00
1038,March,2022,HPCL-TOTAL,2628.00
1039,April,2020,"IOCL-HALDIA, WEST BENGAL",305.00
1040,April,2020,"NRL-NUMALIGARH, ASSAM",170.00
1041,April,2020,ONGC TOTAL,673.00
1042,May,2020,"IOCL-KOYALI, GUJARAT",769.00
1043,May,2020,"IOCL-MATHURA, UTTAR PRADESH",730.00
1044,May,2020,"IOCL-BONGAIGAON,ASSAM",196.00
1045,May,2020,"CPCL-MANALI, TAMILNADU",441.00
1046,June,2020,"IOCL-KOYALI, GUJARAT",1041.00
1047,June,2020,"IOCL-DIGBOI,ASSAM",61.00
1048,June,2020,"IOCL-BONGAIGAON,ASSAM",193.00
1049,June,2020,"IOCL-PARADIP,ODISHA",1227.00
1050,June,2020,"BPCL-KOCHI, KERALA",931.00
1051,June,2020,"ONGC-TATIPAKA,ANDHRA PRADESH",7.00
1052,July,2020,"IOCL-HALDIA, WEST BENGAL",580.00
1053,July,2020,"IOCL-BONGAIGAON,ASSAM",222.00
1054,July,2020,IOCL TOTAL,5363.00
1055,July,2020,"BPCL-MUMBAI, MAHARASHTRA",1097.00
1056,July,2020,"NRL-NUMALIGARH, ASSAM",219.00
1057,August,2020,"IOCL-PANIPAT, HARYANA",977.00
1058,August,2020,"IOCL-BONGAIGAON,ASSAM",206.00
1059,August,2020,"IOCL-PARADIP,ODISHA",266.00
1060,August,2020,CPCL-TOTAL,562.00
1061,August,2020,"NRL-NUMALIGARH, ASSAM",226.00
1062,August,2020,"ONGC-TATIPAKA,ANDHRA PRADESH",7.00
1063,August,2020,ONGC TOTAL,913.00
1064,September,2020,IOCL TOTAL,4657.00
1065,September,2020,"BPCL-KOCHI, KERALA",980.00
1066,September,2020,BPCL-TOTAL,2577.00
1067,September,2020,"HPCL-MUMBAI,MAHARASHTRA",670.00
1068,October,2020,"IOCL-BONGAIGAON,ASSAM",222.00
1069,October,2020,BORL-BINA,561.00
1070,October,2020,HPCL-TOTAL,2327.00
1071,October,2020,"RIL-(SEZ), JAMNAGAR,GUJARAT",2441.00
1072,October,2020,RIL TOTAL,5464.00
1073,November,2020,"IOCL-BONGAIGAON,ASSAM",206.00
1074,November,2020,"IOCL-PARADIP,ODISHA",1325.00
1075,November,2020,"NRL-NUMALIGARH, ASSAM",230.00
1076,November,2020,RIL TOTAL,5482.00
1077,December,2020,"IOCL-HALDIA, WEST BENGAL",709.00
1078,December,2020,"IOCL-PANIPAT, HARYANA",1359.00
1079,December,2020,"BPCL-KOCHI, KERALA",1329.00
1080,December,2020,HPCL-TOTAL,2311.00
1081,December,2020,"RIL-(SEZ), JAMNAGAR,GUJARAT",2691.00
1082,January,2021,"IOCL-KOYALI, GUJARAT",1187.00
1083,January,2021,"MRPL-MANGALORE,KARNATAKA",1420.00
1084,January,2021,"HMEL-GGSR, BATHINDA, PUNJAB",801.00
1085,January,2021,HPCL-TOTAL,2240.00
1086,January,2021,"RIL-(SEZ), JAMNAGAR,GUJARAT",2648.00
1087,January,2021,RIL TOTAL,5564.00
1088,February,2021,"IOCL-BARAUNI,BIHAR",518.00
1089,February,2021,"IOCL-HALDIA, WEST BENGAL",657.00
1090,February,2021,"IOCL-MATHURA, UTTAR PRADESH",790.00
1091,February,2021,"IOCL-GUWAHATI,ASSAM",80.00
1092,February,2021,IOCL TOTAL,5387.00
1093,February,2021,BPCL-TOTAL,3503.00
1094,February,2021,"ONGC-TATIPAKA,ANDHRA PRADESH",7.00
1095,February,2021,"HPCL-MUMBAI,MAHARASHTRA",642.00
1096,February,2021,"RIL,JAMNAGAR,GUJARAT",2664.00
1097,February,2021,"RIL-(SEZ), JAMNAGAR,GUJARAT",2212.00
1098,February,2021,"NEL-VADINAR,GUJARAT",1397.00
1099,March,2021,"IOCL-HALDIA, WEST BENGAL",665.00
1100,March,2021,"CPCL-MANALI, TAMILNADU",964.00
1101,March,2021,BORL-BINA,602.00
1102,March,2021,"NRL-NUMALIGARH, ASSAM",241.00
1103,March,2021,BPCL-TOTAL,3603.00
1104,March,2021,"HPCL-MUMBAI,MAHARASHTRA",715.00
1105,April,2023,"IOCL-MATHURA, UTTAR PRADESH",836.71
1106,April,2023,HPCL-TOTAL,2754.96
1107,May,2023,"IOCL-GUWAHATI,ASSAM",96.30
1108,May,2023,"IOCL-DIGBOI,ASSAM",64.40
1109,May,2023,BORL-BINA,660.48
1110,May,2023,"HMEL-GGSR, BATHINDA, PUNJAB",1101.06
1111,June,2023,IOCL TOTAL,6297.37
1112,June,2023,"MRPL-MANGALORE,KARNATAKA",1452.47
1113,June,2023,ONGC TOTAL,1458.08
1114,June,2023,"HPCL-VISAKH,ANDHRA PRADESH",1049.80
1115,June,2023,"HMEL-GGSR, BATHINDA, PUNJAB",1062.37
1116,June,2023,"RIL,JAMNAGAR,GUJARAT",2783.26
1117,July,2023,"IOCL-KOYALI, GUJARAT",1330.93
1118,July,2023,"IOCL-DIGBOI,ASSAM",63.47
1119,July,2023,CPCL-TOTAL,1040.15
1120,July,2023,"BPCL-MUMBAI, MAHARASHTRA",1367.99
1121,July,2023,BORL-BINA,48.04
1122,July,2023,RIL TOTAL,5516.03
1123,July,2023,GRAND TOTAL,21885.12
1124,August,2023,"CPCL-MANALI, TAMILNADU",1000.38
1125,August,2023,HPCL-TOTAL,2996.38
1126,August,2023,"RIL,JAMNAGAR,GUJARAT",2939.45
1127,September,2023,"IOCL-MATHURA, UTTAR PRADESH",721.79
1128,September,2023,"IOCL-DIGBOI,ASSAM",51.97
1129,September,2023,"BPCL-KOCHI, KERALA",1299.36
1130,September,2023,BPCL-TOTAL,3334.08
1131,September,2023,"ONGC-TATIPAKA,ANDHRA PRADESH",4.18
1132,September,2023,"HPCL-MUMBAI,MAHARASHTRA",846.75
1133,September,2023,"HPCL-VISAKH,ANDHRA PRADESH",1013.17
1134,September,2023,"RIL-(SEZ), JAMNAGAR,GUJARAT",1986.70
1135,October,2023,"IOCL-BARAUNI,BIHAR",503.43
1136,October,2023,"CPCL-MANALI, TAMILNADU",1007.23
1137,October,2023,"HPCL-VISAKH,ANDHRA PRADESH",1010.06
1138,October,2023,"RIL,JAMNAGAR,GUJARAT",2925.27
1139,November,2023,"IOCL-PANIPAT, HARYANA",1308.49
1140,December,2023,"IOCL-DIGBOI,ASSAM",69.08
1141,December,2023,"BPCL-MUMBAI, MAHARASHTRA",1390.34
1142,December,2023,"BPCL-KOCHI, KERALA",1563.39
1143,December,2023,"ONGC-TATIPAKA,ANDHRA PRADESH",5.70
1144,December,2023,ONGC TOTAL,1563.95
1145,December,2023,"HMEL-GGSR, BATHINDA, PUNJAB",1109.95
1146,December,2023,"RIL-(SEZ), JAMNAGAR,GUJARAT",2493.78
1147,January,2024,"IOCL-MATHURA, UTTAR PRADESH",646.13
1148,January,2024,"IOCL-BONGAIGAON,ASSAM",251.93
1149,January,2024,"HMEL-GGSR, BATHINDA, PUNJAB",851.84
1150,January,2024,"NEL-VADINAR,GUJARAT",1732.75
1151,February,2024,"IOCL-BARAUNI,BIHAR",541.97
1152,February,2024,"IOCL-DIGBOI,ASSAM",64.69
1153,February,2024,"IOCL-BONGAIGAON,ASSAM",238.90
1154,February,2024,"IOCL-PARADIP,ODISHA",1271.30
1155,February,2024,"BPCL-MUMBAI, MAHARASHTRA",1307.15
1156,February,2024,"HPCL-VISAKH,ANDHRA PRADESH",1254.00
1157,February,2024,"HMEL-GGSR, BATHINDA, PUNJAB",884.58
1158,March,2024,"IOCL-MATHURA, UTTAR PRADESH",900.97
1159,March,2024,"IOCL-DIGBOI,ASSAM",68.77
1160,March,2024,"IOCL-PARADIP,ODISHA",1405.67
1161,March,2024,"ONGC-TATIPAKA,ANDHRA PRADESH",5.45
1162,March,2024,"RIL,JAMNAGAR,GUJARAT",3016.31
1163,April,2022,"CPCL-MANALI, TAMILNADU",904.20
1164,April,2022,"BPCL-MUMBAI, MAHARASHTRA",1301.76
1165,April,2022,"BPCL-KOCHI, KERALA",1314.11
1166,April,2022,"MRPL-MANGALORE,KARNATAKA",1480.97
1167,April,2022,"HPCL-VISAKH,ANDHRA PRADESH",797.81
1168,April,2022,"HMEL-GGSR, BATHINDA, PUNJAB",1039.86
1169,April,2022,"NEL-VADINAR,GUJARAT",1659.98
1170,May,2022,IOCL TOTAL,6422.41
1171,May,2022,"NRL-NUMALIGARH, ASSAM",275.34
1172,May,2022,"HPCL-MUMBAI,MAHARASHTRA",844.05
1173,May,2022,HPCL-TOTAL,2757.90
1174,May,2022,"RIL,JAMNAGAR,GUJARAT",3123.94
1175,May,2022,"RIL-(SEZ), JAMNAGAR,GUJARAT",2547.25
1176,June,2022,"IOCL-KOYALI, GUJARAT",1314.78
1177,June,2022,"IOCL-PARADIP,ODISHA",1263.58
1178,June,2022,BPCL-TOTAL,2895.38
1179,June,2022,"RIL,JAMNAGAR,GUJARAT",2953.79
1180,June,2022,"NEL-VADINAR,GUJARAT",1679.61
1181,July,2022,"IOCL-BARAUNI,BIHAR",558.62
1182,July,2022,"HPCL-MUMBAI,MAHARASHTRA",876.49
1183,July,2022,"RIL,JAMNAGAR,GUJARAT",2932.96
1184,August,2022,"IOCL-HALDIA, WEST BENGAL",708.57
1185,August,2022,"IOCL-PANIPAT, HARYANA",1207.09
1186,August,2022,"BPCL-KOCHI, KERALA",1377.33
1187,August,2022,BORL-BINA,412.22
1188,August,2022,BPCL-TOTAL,3036.17
1189,August,2022,"HPCL-VISAKH,ANDHRA PRADESH",555.78
1190,August,2022,"RIL-(SEZ), JAMNAGAR,GUJARAT",2146.64
1191,August,2022,GRAND TOTAL,19533.70
1192,September,2022,"IOCL-HALDIA, WEST BENGAL",701.74
1193,September,2022,"IOCL-MATHURA, UTTAR PRADESH",767.41
1194,September,2022,BPCL-TOTAL,3067.65
1195,September,2022,RIL TOTAL,4622.84
1196,September,2022,GRAND TOTAL,19549.92
1197,October,2022,"IOCL-DIGBOI,ASSAM",62.42
1198,October,2022,"IOCL-BONGAIGAON,ASSAM",254.15
1199,October,2022,CPCL-TOTAL,723.13
1200,October,2022,"BPCL-KOCHI, KERALA",581.02
1201,October,2022,"NRL-NUMALIGARH, ASSAM",279.61
1202,October,2022,"ONGC-TATIPAKA,ANDHRA PRADESH",7.55
1203,October,2022,"MRPL-MANGALORE,KARNATAKA",1493.47
1204,October,2022,ONGC TOTAL,1501.02
1205,October,2022,HPCL-TOTAL,2663.38
1206,October,2022,"NEL-VADINAR,GUJARAT",1716.96
1207,November,2022,"IOCL-HALDIA, WEST BENGAL",708.10
1208,November,2022,"IOCL-DIGBOI,ASSAM",59.69
1209,November,2022,CPCL-TOTAL,921.00
1210,November,2022,ONGC TOTAL,1467.89
1211,November,2022,RIL TOTAL,5233.71
1212,December,2022,"IOCL-BARAUNI,BIHAR",529.96
1213,December,2022,"IOCL-KOYALI, GUJARAT",1326.20
1214,December,2022,"IOCL-PANIPAT, HARYANA",890.41
1215,December,2022,"IOCL-BONGAIGAON,ASSAM",251.22
1216,December,2022,"CPCL-MANALI, TAMILNADU",960.42
1217,December,2022,BPCL-TOTAL,3563.35
1218,December,2022,"HPCL-VISAKH,ANDHRA PRADESH",818.38
1219,January,2023,"IOCL-GUWAHATI,ASSAM",94.01
1220,January,2023,"BPCL-MUMBAI, MAHARASHTRA",1390.21
1221,January,2023,BORL-BINA,678.71
1222,January,2023,"ONGC-TATIPAKA,ANDHRA PRADESH",6.57
1223,January,2023,"HPCL-VISAKH,ANDHRA PRADESH",823.65
1224,January,2023,"RIL,JAMNAGAR,GUJARAT",2848.00
1225,February,2023,"IOCL-GUWAHATI,ASSAM",86.09
1226,February,2023,"IOCL-DIGBOI,ASSAM",57.15
1227,February,2023,"IOCL-BONGAIGAON,ASSAM",233.22
1228,February,2023,"IOCL-PARADIP,ODISHA",1191.96
1229,February,2023,CPCL-TOTAL,927.88
1230,February,2023,"HMEL-GGSR, BATHINDA, PUNJAB",1008.02
1231,March,2023,"IOCL-BARAUNI,BIHAR",579.97
1232,March,2023,"IOCL-DIGBOI,ASSAM",59.40
1233,March,2023,"IOCL-PARADIP,ODISHA",1418.04
1234,March,2023,CPCL-TOTAL,1033.64
1235,March,2023,"MRPL-MANGALORE,KARNATAKA",1502.25
1236,March,2023,"RIL,JAMNAGAR,GUJARAT",2822.16
1237,March,2023,"RIL-(SEZ), JAMNAGAR,GUJARAT",2537.59
1238,March,2023,"NEL-VADINAR,GUJARAT",1707.40
1239,March,2023,GRAND TOTAL,23003.61
1240,April,2021,"IOCL-PANIPAT, HARYANA",1322.00
1241,April,2021,"BPCL-KOCHI, KERALA",1363.00
1242,April,2021,"MRPL-MANGALORE,KARNATAKA",1100.00
1243,April,2021,HPCL-TOTAL,1926.00
1244,May,2021,"IOCL-BONGAIGAON,ASSAM",227.00
1245,May,2021,IOCL TOTAL,5380.00
1246,May,2021,BPCL-TOTAL,2601.00
1247,May,2021,"HPCL-MUMBAI,MAHARASHTRA",119.00
1248,June,2021,"IOCL-KOYALI, GUJARAT",1072.00
1249,June,2021,"IOCL-HALDIA, WEST BENGAL",606.00
1250,June,2021,"IOCL-PANIPAT, HARYANA",1213.00
1251,June,2021,BORL-BINA,425.00
1252,June,2021,HPCL-TOTAL,1848.00
1253,June,2021,"NEL-VADINAR,GUJARAT",1650.00
1254,July,2021,"IOCL-PANIPAT, HARYANA",1343.00
1255,July,2021,"IOCL-GUWAHATI,ASSAM",
1256,July,2021,"IOCL-BONGAIGAON,ASSAM",226.00
1257,July,2021,CPCL-TOTAL,819.00
1258,July,2021,ONGC TOTAL,1108.00
1259,July,2021,"HMEL-GGSR, BATHINDA, PUNJAB",1098.00
1260,August,2021,"IOCL-DIGBOI,ASSAM",56.00
1261,August,2021,"IOCL-PARADIP,ODISHA",663.00
1262,August,2021,"CPCL-MANALI, TAMILNADU",629.00
1263,August,2021,CPCL-TOTAL,629.00
1264,August,2021,BPCL-TOTAL,2971.00
1265,August,2021,"NRL-NUMALIGARH, ASSAM",212.00
1266,August,2021,"MRPL-MANGALORE,KARNATAKA",1007.00
1267,August,2021,ONGC TOTAL,1013.00
1268,August,2021,"NEL-VADINAR,GUJARAT",1710.00
1269,September,2021,"IOCL-BARAUNI,BIHAR",56.00
1270,September,2021,"IOCL-KOYALI, GUJARAT",1005.00
1271,September,2021,"IOCL-HALDIA, WEST BENGAL",642.00
1272,September,2021,"IOCL-MATHURA, UTTAR PRADESH",723.00
1273,September,2021,CPCL-TOTAL,497.00
1274,September,2021,"BPCL-KOCHI, KERALA",1338.00
1275,September,2021,BPCL-TOTAL,2874.00
1276,September,2021,"HPCL-VISAKH,ANDHRA PRADESH",546.00
1277,October,2021,"IOCL-MATHURA, UTTAR PRADESH",854.00
1278,October,2021,"IOCL-GUWAHATI,ASSAM",93.00
1279,October,2021,ONGC TOTAL,1469.00
1280,October,2021,RIL TOTAL,5754.00
1281,October,2021,"NEL-VADINAR,GUJARAT",1749.00
1282,November,2021,"CPCL-MANALI, TAMILNADU",816.00
1283,November,2021,"BPCL-MUMBAI, MAHARASHTRA",1294.00
1284,November,2021,BPCL-TOTAL,3407.00
1285,November,2021,ONGC TOTAL,1475.00
1286,November,2021,"RIL,JAMNAGAR,GUJARAT",2997.00
1287,December,2021,"IOCL-GUWAHATI,ASSAM",84.00
1288,December,2021,"IOCL-DIGBOI,ASSAM",62.00
1289,December,2021,"IOCL-PARADIP,ODISHA",1330.00
1290,December,2021,"BPCL-KOCHI, KERALA",1360.00
1291,December,2021,"NRL-NUMALIGARH, ASSAM",137.00
1292,December,2021,"RIL-(SEZ), JAMNAGAR,GUJARAT",2510.00
1293,January,2022,"IOCL-BARAUNI,BIHAR",619.00
1294,January,2022,"IOCL-BONGAIGAON,ASSAM",207.00
1295,January,2022,BORL-BINA,722.00
1296,January,2022,ONGC TOTAL,1448.00
1297,January,2022,"HPCL-VISAKH,ANDHRA PRADESH",793.00
1298,January,2022,"HMEL-GGSR, BATHINDA, PUNJAB",1100.00
1299,January,2022,HPCL-TOTAL,2745.00
1300,January,2022,GRAND TOTAL,21709.00
1301,February,2022,"IOCL-HALDIA, WEST BENGAL",630.00
1302,February,2022,"IOCL-MATHURA, UTTAR PRADESH",781.00
1303,February,2022,"IOCL-PANIPAT, HARYANA",1122.00
1304,February,2022,"CPCL-MANALI, TAMILNADU",928.00
1305,February,2022,"BPCL-KOCHI, KERALA",1394.00
1306,February,2022,BPCL-TOTAL,3225.00
1307,February,2022,"HPCL-VISAKH,ANDHRA PRADESH",761.00
1308,February,2022,"HMEL-GGSR, BATHINDA, PUNJAB",1010.00
1309,February,2022,RIL TOTAL,4790.00
1310,March,2022,"IOCL-HALDIA, WEST BENGAL",747.00
1311,March,2022,"BPCL-MUMBAI, MAHARASHTRA",1268.00
1312,March,2022,"BPCL-KOCHI, KERALA",1522.00
1313,March,2022,RIL TOTAL,5129.00
1314,March,2022,"NEL-VADINAR,GUJARAT",1690.00
1315,April,2020,"IOCL-DIGBOI,ASSAM",54.00
1316,April,2020,IOCL TOTAL,3046.00
1317,April,2020,"CPCL-MANALI, TAMILNADU",308.00
1318,April,2020,CPCL-TOTAL,308.00
1319,April,2020,"BPCL-KOCHI, KERALA",815.00
1320,April,2020,"RIL,JAMNAGAR,GUJARAT",2792.00
1321,April,2020,"NEL-VADINAR,GUJARAT",1402.00
1322,May,2020,"IOCL-HALDIA, WEST BENGAL",319.00
1323,May,2020,"BPCL-MUMBAI, MAHARASHTRA",907.00
1324,May,2020,"BPCL-KOCHI, KERALA",676.00
1325,May,2020,BORL-BINA,440.00
1326,May,2020,BPCL-TOTAL,2229.00
1327,May,2020,ONGC TOTAL,572.00
1328,May,2020,"HMEL-GGSR, BATHINDA, PUNJAB",653.00
1329,May,2020,"NEL-VADINAR,GUJARAT",1561.00
1330,June,2020,"IOCL-PANIPAT, HARYANA",1173.00
1331,June,2020,CPCL-TOTAL,579.00
1332,June,2020,"BPCL-MUMBAI, MAHARASHTRA",972.00
1333,June,2020,"MRPL-MANGALORE,KARNATAKA",627.00
1334,June,2020,"HPCL-MUMBAI,MAHARASHTRA",654.00
1335,June,2020,RIL TOTAL,4652.00
1336,June,2020,GRAND TOTAL,17537.00
1337,July,2020,"IOCL-KOYALI, GUJARAT",1092.00
1338,July,2020,"IOCL-GUWAHATI,ASSAM",87.00
1339,July,2020,"ONGC-TATIPAKA,ANDHRA PRADESH",7.00
1340,July,2020,"HPCL-MUMBAI,MAHARASHTRA",637.00
1341,July,2020,"HMEL-GGSR, BATHINDA, PUNJAB",1035.00
1342,July,2020,RIL TOTAL,4299.00
1343,August,2020,"IOCL-MATHURA, UTTAR PRADESH",641.00
1344,August,2020,"HPCL-VISAKH,ANDHRA PRADESH",651.00
1345,August,2020,"RIL,JAMNAGAR,GUJARAT",3021.00
1346,August,2020,GRAND TOTAL,16150.00
1347,September,2020,"IOCL-KOYALI, GUJARAT",899.00
1348,September,2020,"IOCL-HALDIA, WEST BENGAL",440.00
1349,September,2020,"IOCL-MATHURA, UTTAR PRADESH",615.00
1350,September,2020,"IOCL-PARADIP,ODISHA",992.00
1351,September,2020,"CPCL-MANALI, TAMILNADU",770.00
1352,September,2020,"MRPL-MANGALORE,KARNATAKA",813.00
1353,September,2020,"HMEL-GGSR, BATHINDA, PUNJAB",1016.00
1354,September,2020,"RIL,JAMNAGAR,GUJARAT",2779.00
1355,September,2020,RIL TOTAL,5009.00
1356,October,2020,"IOCL-MATHURA, UTTAR PRADESH",709.00
1357,October,2020,"IOCL-PANIPAT, HARYANA",1237.00
1358,October,2020,"IOCL-GUWAHATI,ASSAM",84.00
1359,October,2020,"IOCL-PARADIP,ODISHA",1279.00
1360,October,2020,"BPCL-MUMBAI, MAHARASHTRA",1051.00
1361,October,2020,"BPCL-KOCHI, KERALA",1066.00
1362,October,2020,"MRPL-MANGALORE,KARNATAKA",731.00
1363,November,2020,"BPCL-KOCHI, KERALA",1337.00
1364,November,2020,ONGC TOTAL,1018.00
1365,November,2020,"RIL,JAMNAGAR,GUJARAT",2871.00
1366,November,2020,"NEL-VADINAR,GUJARAT",1476.00
1367,December,2020,"IOCL-KOYALI, GUJARAT",1173.00
1368,December,2020,"IOCL-PARADIP,ODISHA",977.00
1369,December,2020,IOCL TOTAL,5988.00
1370,December,2020,"HPCL-VISAKH,ANDHRA PRADESH",707.00
1371,December,2020,"HMEL-GGSR, BATHINDA, PUNJAB",1027.00
1372,December,2020,RIL TOTAL,5688.00
1373,January,2021,"IOCL-BONGAIGAON,ASSAM",211.00
1374,January,2021,CPCL-TOTAL,917.00
1375,January,2021,BORL-BINA,694.00
1376,January,2021,"ONGC-TATIPAKA,ANDHRA PRADESH",8.00
1377,January,2021,"HPCL-MUMBAI,MAHARASHTRA",639.00
1378,February,2021,"IOCL-DIGBOI,ASSAM",22.00
1379,February,2021,"NRL-NUMALIGARH, ASSAM",227.00
1380,February,2021,"HMEL-GGSR, BATHINDA, PUNJAB",13.00
1381,February,2021,HPCL-TOTAL,1392.00
1382,March,2021,"IOCL-BARAUNI,BIHAR",569.00
1383,March,2021,"IOCL-KOYALI, GUJARAT",944.00
1384,March,2021,"IOCL-PANIPAT, HARYANA",1192.00
1385,March,2021,"IOCL-GUWAHATI,ASSAM",89.00
1386,March,2021,"BPCL-KOCHI, KERALA",1383.00
1387,March,2021,"HMEL-GGSR, BATHINDA, PUNJAB",1025.00
1388,March,2021,"RIL,JAMNAGAR,GUJARAT",2839.00
1389,March,2021,"RIL-(SEZ), JAMNAGAR,GUJARAT",2051.00
1390,March,2021,"NEL-VADINAR,GUJARAT",1627.00
1391,March,2021,GRAND TOTAL,20985.00
